"id","code","local_code","name","continent","iso_country","wikipedia_link","keywords"
302811,"AD-02",02,"Canillo","EU","AD","http://en.wikipedia.org/wiki/Canillo",
302812,"AD-03",03,"Encamp","EU","AD","http://en.wikipedia.org/wiki/Encamp",
302813,"AD-04",04,"La Massana","EU","AD","http://en.wikipedia.org/wiki/La_Massana",
302814,"AD-05",05,"Ordino","EU","AD","http://en.wikipedia.org/wiki/Ordino",
302815,"AD-06",06,"Sant JuliÃ  de LÃ²ria","EU","AD","http://en.wikipedia.org/wiki/Sant_JuliÃ _de_LÃ²ria",
302816,"AD-07",07,"Andorra la Vella","EU","AD","http://en.wikipedia.org/wiki/Andorra_la_Vella",
302817,"AD-08",08,"Escaldes-Engordany","EU","AD","http://en.wikipedia.org/wiki/Escaldes-Engordany",
302818,"AD-U-A","U-A","(unassigned)","EU","AD",,
302819,"AE-AJ","AJ","Ajman Emirate","AS","AE","http://en.wikipedia.org/wiki/Ajman","'Ajmān"
302820,"AE-AZ","AZ","Abu Dhabi Emirate","AS","AE","http://en.wikipedia.org/wiki/Abu_Dhabi_(emirate)","Abu Ẓaby"
302821,"AE-DU","DU","Dubai Emirate","AS","AE","http://en.wikipedia.org/wiki/Dubai","Dubayy"
302822,"AE-FU","FU","Fujairah Emirate","AS","AE","http://en.wikipedia.org/wiki/Fujairah","Al Fujayrah"
302823,"AE-RK","RK","Ras al-Khaimah Emirate","AS","AE","http://en.wikipedia.org/wiki/Ras_al-Khaimah","Ra's al Khaymah"
302824,"AE-SH","SH","Sharjah Emirate","AS","AE","http://en.wikipedia.org/wiki/Sharjah_(emirate)","Ash Shāriqah"
302825,"AE-U-A","U-A","(unassigned)","AS","AE",,
302826,"AE-UQ","UQ","Umm al-Quwain Emirate","AS","AE","http://en.wikipedia.org/wiki/Umm_al-Quwain",
302827,"AF-BAL","BAL","Balkh Province","AS","AF","http://en.wikipedia.org/wiki/Balkh_Province",
302828,"AF-BAM","BAM","Bamiyan Province","AS","AF","http://en.wikipedia.org/wiki/Bamyian_Province",
302829,"AF-BDG","BDG","Badghis Province","AS","AF","http://en.wikipedia.org/wiki/Badghis_Province",
302830,"AF-BDS","BDS","Badakhshan Province","AS","AF","http://en.wikipedia.org/wiki/Badakhshan_Province",
302831,"AF-BGL","BGL","Baghlan Province","AS","AF","http://en.wikipedia.org/wiki/Baghlan_Province",
306897,"AF-DAY","DAY","Daykundi Province","AS","AF","http://en.wikipedia.org/wiki/Daykundi_Province",
302832,"AF-FRA","FRA","Farah Province","AS","AF","http://en.wikipedia.org/wiki/Farah_Province",
302833,"AF-FYB","FYB","Faryab Province","AS","AF","http://en.wikipedia.org/wiki/Faryab_Province",
302834,"AF-GHA","GHA","Ghazni Province","AS","AF","http://en.wikipedia.org/wiki/Ghazni_Province",
302835,"AF-GHO","GHO","Ghōr Province","AS","AF","http://en.wikipedia.org/wiki/Gh%C5%8Dr_Province",
302836,"AF-HEL","HEL","Helmand Province","AS","AF","http://en.wikipedia.org/wiki/Helmand_Province",
302837,"AF-HER","HER","Herat Province","AS","AF","http://en.wikipedia.org/wiki/Herat_Province",
302838,"AF-JOW","JOW","Jowzjan Province","AS","AF","http://en.wikipedia.org/wiki/Jowzjan_Province",
302839,"AF-KAB","KAB","Kabul Province","AS","AF","http://en.wikipedia.org/wiki/Kabul_Province",
302840,"AF-KAN","KAN","Kandahar Province","AS","AF","http://en.wikipedia.org/wiki/Kandahar_Province",
302841,"AF-KAP","KAP","Kapisa Province","AS","AF","http://en.wikipedia.org/wiki/Kapisa_Province",
302842,"AF-KDZ","KDZ","Kunduz Province","AS","AF","http://en.wikipedia.org/wiki/Kunduz_Province",
302843,"AF-KHO","KHO","Khost Province","AS","AF","http://en.wikipedia.org/wiki/Khost_Province",
302844,"AF-KNR","KNR","Kunar Province","AS","AF","http://en.wikipedia.org/wiki/Kunar_Province",
302845,"AF-LAG","LAG","Laghman Province","AS","AF","http://en.wikipedia.org/wiki/Laghman_Province",
302846,"AF-LOW","LOW","Logar Province","AS","AF","http://en.wikipedia.org/wiki/Logar_Province",
302847,"AF-NAN","NAN","Nangarhar Province","AS","AF","http://en.wikipedia.org/wiki/Nangarhar_Province",
302848,"AF-NIM","NIM","Nimruz Province","AS","AF","http://en.wikipedia.org/wiki/Nimruz_Province",
302849,"AF-NUR","NUR","Nurestan Province","AS","AF","http://en.wikipedia.org/wiki/Nurestan_Province",
302850,"AF-ORU","ORU","Orūzgān Province","AS","AF","http://en.wikipedia.org/wiki/Or%C5%ABzg%C4%81n_Province",
306898,"AF-PAN","PAN","Panjshir Province","AS","AF","http://en.wikipedia.org/wiki/Panjshir_Province",
302851,"AF-PAR","PAR","Parwan Province","AS","AF","http://en.wikipedia.org/wiki/Parwan_Province",
302852,"AF-PIA","PIA","Paktia Province","AS","AF","http://en.wikipedia.org/wiki/Paktia_Province",
302853,"AF-PKA","PKA","Paktika Province","AS","AF","http://en.wikipedia.org/wiki/Paktika_Province",
302854,"AF-SAM","SAM","Samangan Province","AS","AF","http://en.wikipedia.org/wiki/Samangan_Province",
302855,"AF-SAR","SAR","Sar-e Pol Province","AS","AF","http://en.wikipedia.org/wiki/Sar-e_Pol_Province",
302856,"AF-TAK","TAK","Takhar Province","AS","AF","http://en.wikipedia.org/wiki/Takhar_Province",
302857,"AF-U-A","U-A","(unassigned)","AS","AF",,
302858,"AF-WAR","WAR","Wardak Province","AS","AF","http://en.wikipedia.org/wiki/Wardak_Province",
302859,"AF-ZAB","ZAB","Zabul Province","AS","AF","http://en.wikipedia.org/wiki/Zabul_Province",
306768,"AG-03",03,"Saint George","NA","AG","http://en.wikipedia.org/wiki/Saint_George_Parish_(Antigua_and_Barbuda)",
306769,"AG-04",04,"Saint John","NA","AG","http://en.wikipedia.org/wiki/Saint_John_Parish_(Antigua_and_Barbuda)",
306770,"AG-05",05,"Saint Mary","NA","AG","http://en.wikipedia.org/wiki/Saint_Mary_Parish_(Antigua_and_Barbuda)",
306771,"AG-06",06,"Saint Paul","NA","AG","http://en.wikipedia.org/wiki/Saint_Paul_Parish_(Antigua_and_Barbuda)",
306772,"AG-07",07,"Saint Peter","NA","AG","http://en.wikipedia.org/wiki/Saint_Peter_Parish_(Antigua_and_Barbuda)",
306773,"AG-08",08,"Saint Philip","NA","AG","http://en.wikipedia.org/wiki/Saint_Philip_Parish_(Antigua_and_Barbuda)",
306774,"AG-10",09,"Barbuda","NA","AG","http://en.wikipedia.org/wiki/Barbuda",
302860,"AG-U-A","U-A","(unassigned)","NA","AG",,
302861,"AI-U-A","U-A","(unassigned)","NA","AI",,
302862,"AL-01",01,"Berat County","EU","AL","http://en.wikipedia.org/wiki/Berat_County",
302866,"AL-02",02,"Durrës County","EU","AL","http://en.wikipedia.org/wiki/Durrës_County",
302868,"AL-03",03,"Elbasan County","EU","AL","http://en.wikipedia.org/wiki/Elbasan_County",
302870,"AL-04",04,"Fier County","EU","AL","http://en.wikipedia.org/wiki/Fier_County",
302871,"AL-05",05,"Gjirokastër County","EU","AL","http://en.wikipedia.org/wiki/Gjirokastër_County",
302877,"AL-06",06,"Korçë County","EU","AL","https://en.wikipedia.org/wiki/Korçë_County",
302879,"AL-07",07,"Kukës County","EU","AL","http://en.wikipedia.org/wiki/Kukës_County",
302881,"AL-08",08,"Lezhë County","EU","AL","http://en.wikipedia.org/wiki/Lezhë_County",
302864,"AL-09",09,"Dibër County","EU","AL","http://en.wikipedia.org/wiki/Dibër_County",
302891,"AL-10",10,"Shkodër County","EU","AL","http://en.wikipedia.org/wiki/Shkodër_County",
302896,"AL-11",11,"Tirana County","EU","AL","http://en.wikipedia.org/wiki/Tirana_County",
302898,"AL-12",12,"Vlorë County","EU","AL","http://en.wikipedia.org/wiki/Vlorë_County",
302897,"AL-U-A","U-A","(unassigned)","EU","AL",,
302899,"AM-AG","AG","Aragatsotn Province","AS","AM","http://en.wikipedia.org/wiki/Aragatsotn_Province","Aragacotn, Արագածոտն"
302900,"AM-AR","AR","Ararat Province","AS","AM","http://en.wikipedia.org/wiki/Ararat_Province","Արարատ"
302901,"AM-AV","AV","Armavir Province","AS","AM","http://en.wikipedia.org/wiki/Armavir_Province","Արմավիր"
302902,"AM-ER","ER","Yerevan (capital district)","AS","AM","http://en.wikipedia.org/wiki/Yerevan","Erevan"
302903,"AM-GR","GR","Gegharkunik Province","AS","AM","http://en.wikipedia.org/wiki/Gegharkunik_Province","Գեղարքունիք"
302904,"AM-KT","KT","Kotayk Province","AS","AM","http://en.wikipedia.org/wiki/Kotayk_Province","Kotayk', Կոտայք"
302905,"AM-LO","LO","Lori Province","AS","AM","http://en.wikipedia.org/wiki/Lori_Province","Lory, Լոռի"
302906,"AM-SH","SH","Shirak Province","AS","AM","http://en.wikipedia.org/wiki/Shirak_Province","Sirak, Շիրակ"
302907,"AM-SU","SU","Syunik Province","AS","AM","http://en.wikipedia.org/wiki/Syunik_Province","Syunik'"
302908,"AM-TV","TV","Tavush Province","AS","AM","http://en.wikipedia.org/wiki/Tavush_Province","Tavus, Տավուշ"
302909,"AM-U-A","U-A","(unassigned)","AS","AM",,
302910,"AM-VD","VD","Vayots Dzor Province","AS","AM","http://en.wikipedia.org/wiki/Vayots_Dzor_Province","Vayoc Jor, Վայոց Ձոր"
302912,"AO-BGO","BGO","Bengo Province","AF","AO","http://en.wikipedia.org/wiki/Bengo_Province",
302913,"AO-BGU","BGU","Benguela Province","AF","AO","http://en.wikipedia.org/wiki/Benguela_ Province",
302914,"AO-BIE","BIE","Bié Province","AF","AO","http://en.wikipedia.org/wiki/Bi%C3%A9_Province",
302915,"AO-CAB","CAB","Cabinda Province","AF","AO","http://en.wikipedia.org/wiki/Cabinda_ Province",
302916,"AO-CCU","CCU","Cuando Cubango Province","AF","AO","http://en.wikipedia.org/wiki/Cuando_Cubango_Province",
302917,"AO-CNN","CNN","Cunene Province","AF","AO","http://en.wikipedia.org/wiki/Cunene_ Province",
302918,"AO-CNO","CNO","Cuanza Norte Province","AF","AO","http://en.wikipedia.org/wiki/Cuanza_Norte_ Province",
302919,"AO-CUS","CUS","Cuanza Sul Province","AF","AO","http://en.wikipedia.org/wiki/Cuanza_Sul_ Province",
302920,"AO-HUA","HUA","Huambo Province","AF","AO","http://en.wikipedia.org/wiki/Huambo_ Province",
302921,"AO-HUI","HUI","Huíla Province","AF","AO","http://en.wikipedia.org/wiki/Hu%C3%ADla_Province",
302922,"AO-LNO","LNO","Lunda Norte Province","AF","AO","http://en.wikipedia.org/wiki/Lunda_Norte_ Province",
302923,"AO-LSU","LSU","Lunda Sul Province","AF","AO","http://en.wikipedia.org/wiki/Lunda_Sul_ Province",
302924,"AO-LUA","LUA","Luanda Province","AF","AO","http://en.wikipedia.org/wiki/Luanda_ Province",
302925,"AO-MAL","MAL","Malanje Province","AF","AO","http://en.wikipedia.org/wiki/Malanje_Province","Malange Province"
302926,"AO-MOX","MOX","Moxico Province","AF","AO","http://en.wikipedia.org/wiki/Moxico_ Province",
302927,"AO-NAM","NAM","Namibe Province","AF","AO","http://en.wikipedia.org/wiki/Namibe_ Province","Moçamedes Province"
302928,"AO-U-A","U-A","(unassigned)","AF","AO",,
302929,"AO-UIG","UIG","Uíge Province","AF","AO","http://en.wikipedia.org/wiki/U%C3%ADge_Province",
302930,"AO-ZAI","ZAI","Zaire Province","AF","AO","http://en.wikipedia.org/wiki/Zaire_Province",
302931,"AQ-U-A","U-A","(unassigned)","AN","AQ",,
302932,"AR-A","A","Salta Province","SA","AR","http://en.wikipedia.org/wiki/Salta_Province",
302933,"AR-B","B","Buenos Aires Province","SA","AR","http://en.wikipedia.org/wiki/Buenos_Aires_Province",
302934,"AR-C","C","Capital federal","SA","AR","http://en.wikipedia.org/wiki/Buenos_Aires",
302935,"AR-D","D","San Luis Province","SA","AR","http://en.wikipedia.org/wiki/San_Luis_Province",
302936,"AR-E","E","Entre Ríos Province","SA","AR","http://en.wikipedia.org/wiki/Entre_R%C3%ADos_Province",
306324,"AR-F","F","La Rioja Province","SA","AR","http://en.wikipedia.org/wiki/La_Rioja_Province_(Argentina)",
302937,"AR-G","G","Santiago del Estero Province","SA","AR","http://en.wikipedia.org/wiki/Santiago_del_Estero_Province",
302938,"AR-H","H","Chaco Province","SA","AR","http://en.wikipedia.org/wiki/Chaco_Province",
302939,"AR-J","J","San Juan Province","SA","AR","http://en.wikipedia.org/wiki/San_Juan_Province_(Argentina)",
302940,"AR-K","K","Catamarca Province","SA","AR","http://en.wikipedia.org/wiki/Catamarca_Province",
302941,"AR-L","L","La Pampa Province","SA","AR","http://en.wikipedia.org/wiki/La_Pampa_Province",
302942,"AR-M","M","Mendoza Province","SA","AR","http://en.wikipedia.org/wiki/Mendoza_Province",
302943,"AR-N","N","Misiones Province","SA","AR","http://en.wikipedia.org/wiki/Misiones_Province",
302944,"AR-P","P","Formosa Province","SA","AR","http://en.wikipedia.org/wiki/Formosa_Province",
302945,"AR-Q","Q","Neuquén Province","SA","AR","http://en.wikipedia.org/wiki/Neuqu%C3%A9n_Province",
302946,"AR-R","R","Río Negro Province","SA","AR","http://en.wikipedia.org/wiki/R%C3%ADo_Negro_Province",
302947,"AR-S","S","Santa Fe Province","SA","AR","http://en.wikipedia.org/wiki/Santa_Fe_Province",
302948,"AR-T","T","Tucumán Province","SA","AR","http://en.wikipedia.org/wiki/Tucum%C3%A1n_Province",
302949,"AR-U","U","Chubut Province","SA","AR","http://en.wikipedia.org/wiki/Chubut_Province",
302950,"AR-U-A","U-A","(unassigned)","SA","AR",,
302951,"AR-V","V","Tierra del Fuego Province","SA","AR","http://en.wikipedia.org/wiki/Tierra_del_Fuego_Province_(Argentina)",
302952,"AR-W","W","Corrientes Province","SA","AR","http://en.wikipedia.org/wiki/Corrientes_Province",
302953,"AR-X","X","Córdoba Province","SA","AR","http://en.wikipedia.org/wiki/C%C3%B3rdoba_Province_(Argentina)",
302954,"AR-Y","Y","Jujuy Province","SA","AR","http://en.wikipedia.org/wiki/Jujuy_Province",
302955,"AR-Z","Z","Santa Cruz Province","SA","AR","http://en.wikipedia.org/wiki/Santa_Cruz_Province_(Argentina)",
302956,"AS-U-A","U-A","(unassigned)","OC","AS",,
302957,"AT-1",1,"Burgenland","EU","AT","http://en.wikipedia.org/wiki/Burgenland",
302958,"AT-2",2,"Carinthia","EU","AT","http://en.wikipedia.org/wiki/Carinthia","Kärnten"
302959,"AT-3",3,"Lower Austria","EU","AT","http://en.wikipedia.org/wiki/Lower_Austria","Niederösterreich"
302960,"AT-4",4,"Upper Austria","EU","AT","http://en.wikipedia.org/wiki/Upper_Austria","Oberösterreich"
302961,"AT-5",5,"Salzburg","EU","AT","http://en.wikipedia.org/wiki/Salzburg",
302962,"AT-6",6,"Styria","EU","AT","http://en.wikipedia.org/wiki/Styria","Steiermark"
302963,"AT-7",7,"Tyrol","EU","AT","http://en.wikipedia.org/wiki/Tyrol","Tirol"
302964,"AT-8",8,"Vorarlberg","EU","AT","http://en.wikipedia.org/wiki/Vorarlberg",
302965,"AT-9",9,"Vienna","EU","AT","http://en.wikipedia.org/wiki/Vienna","Wien"
302966,"AT-U-A","U-A","(unassigned)","EU","AT",,
302967,"AU-AAT","AAT","Australian Antarctic Territory","OC","AU","http://en.wikipedia.org/wiki/Australian_Antarctic_Territory",
302968,"AU-ACT","ACT","Australian Capital Territory","OC","AU","http://en.wikipedia.org/wiki/Australian_Capital_Territory",
302969,"AU-NSW","NSW","New South Wales","OC","AU","http://en.wikipedia.org/wiki/New_South_Wales",
302970,"AU-NT","NT","Northern Territory","OC","AU","http://en.wikipedia.org/wiki/Northern_Territory",
302971,"AU-QLD","QLD","Queensland","OC","AU","http://en.wikipedia.org/wiki/Queensland",
302972,"AU-SA","SA","South Australia","OC","AU","http://en.wikipedia.org/wiki/South_Australia",
302973,"AU-TAS","TAS","Tasmania","OC","AU","http://en.wikipedia.org/wiki/Tasmania",
302974,"AU-U-A","U-A","(unassigned)","OC","AU",,
302975,"AU-VIC","VIC","Victoria","OC","AU","http://en.wikipedia.org/wiki/Victoria_(Australia)",
302976,"AU-WA","WA","Western Australia","OC","AU","http://en.wikipedia.org/wiki/Western_Australia",
302977,"AW-U-A","U-A","(unassigned)","NA","AW",,
302978,"AZ-AB","AB","Ali Bayramli","AS","AZ","http://en.wikipedia.org/wiki/Ali_Bayramli",
302979,"AZ-ABS","ABS","Abseron","AS","AZ","http://en.wikipedia.org/wiki/Abseron",
302980,"AZ-AGA","AGA","Agstafa","AS","AZ","http://en.wikipedia.org/wiki/Agstafa",
302981,"AZ-AGC","AGC","Agcabadi","AS","AZ","http://en.wikipedia.org/wiki/Agcabadi",
302982,"AZ-AGM","AGM","Agdam","AS","AZ","http://en.wikipedia.org/wiki/Agdam",
302983,"AZ-AGS","AGS","Agdas","AS","AZ","http://en.wikipedia.org/wiki/Agdas",
302984,"AZ-AGU","AGU","Agsu","AS","AZ","http://en.wikipedia.org/wiki/Agsu",
302985,"AZ-AST","AST","Astara","AS","AZ","http://en.wikipedia.org/wiki/Astara",
302986,"AZ-BA","BA","Baki","AS","AZ","http://en.wikipedia.org/wiki/Baki",
302987,"AZ-BAB","BAB","Babak","AS","AZ","http://en.wikipedia.org/wiki/Babak",
302988,"AZ-BAL","BAL","Balakan","AS","AZ","http://en.wikipedia.org/wiki/Balakan",
302989,"AZ-BAR","BAR","Barda","AS","AZ","http://en.wikipedia.org/wiki/Barda",
302990,"AZ-BEY","BEY","Beylagan","AS","AZ","http://en.wikipedia.org/wiki/Beylagan",
302991,"AZ-BIL","BIL","Bilasuvar","AS","AZ","http://en.wikipedia.org/wiki/Bilasuvar",
302992,"AZ-CAB","CAB","Cabrayll","AS","AZ","http://en.wikipedia.org/wiki/Cabrayll",
302993,"AZ-CAL","CAL","Calilabad","AS","AZ","http://en.wikipedia.org/wiki/Calilabad",
302994,"AZ-CUL","CUL","Culfa","AS","AZ","http://en.wikipedia.org/wiki/Culfa",
302995,"AZ-DAS","DAS","Daskasan","AS","AZ","http://en.wikipedia.org/wiki/Daskasan",
302996,"AZ-DAV","DAV","Davaci","AS","AZ","http://en.wikipedia.org/wiki/Davaci",
302997,"AZ-FUZ","FUZ","Fuzuli","AS","AZ","http://en.wikipedia.org/wiki/Fuzuli",
302998,"AZ-GA","GA","Ganca","AS","AZ","http://en.wikipedia.org/wiki/Ganca",
302999,"AZ-GAD","GAD","Gadabay","AS","AZ","http://en.wikipedia.org/wiki/Gadabay",
303000,"AZ-GOR","GOR","Goranboy","AS","AZ","http://en.wikipedia.org/wiki/Goranboy",
303001,"AZ-GOY","GOY","Goycay","AS","AZ","http://en.wikipedia.org/wiki/Goycay",
303002,"AZ-HAC","HAC","Haciqabul","AS","AZ","http://en.wikipedia.org/wiki/Haciqabul",
303003,"AZ-IMI","IMI","Imisli","AS","AZ","http://en.wikipedia.org/wiki/Imisli",
303004,"AZ-ISM","ISM","Ismayilli","AS","AZ","http://en.wikipedia.org/wiki/Ismayilli",
303005,"AZ-KAL","KAL","Kalbacar","AS","AZ","http://en.wikipedia.org/wiki/Kalbacar",
303006,"AZ-KUR","KUR","Kurdamir","AS","AZ","http://en.wikipedia.org/wiki/Kurdamir",
303007,"AZ-LA","LA","Lankaran","AS","AZ","http://en.wikipedia.org/wiki/Lankaran",
303008,"AZ-LAC","LAC","Lacin","AS","AZ","http://en.wikipedia.org/wiki/Lacin",
303009,"AZ-LER","LER","Lerik","AS","AZ","http://en.wikipedia.org/wiki/Lerik",
303010,"AZ-MAS","MAS","Masalli","AS","AZ","http://en.wikipedia.org/wiki/Masalli",
303011,"AZ-MI","MI","Mingacevir","AS","AZ","http://en.wikipedia.org/wiki/Mingacevir",
303012,"AZ-NA","NA","Naftalan","AS","AZ","http://en.wikipedia.org/wiki/Naftalan",
303013,"AZ-NEF","NEF","Neftcala","AS","AZ","http://en.wikipedia.org/wiki/Neftcala",
303014,"AZ-NX","NX","Naxcivan","AS","AZ","http://en.wikipedia.org/wiki/Naxcivan",
303015,"AZ-OGU","OGU","Oguz","AS","AZ","http://en.wikipedia.org/wiki/Oguz",
303016,"AZ-ORD","ORD","Ordubad","AS","AZ","http://en.wikipedia.org/wiki/Ordubad",
303017,"AZ-QAB","QAB","Qabala","AS","AZ","http://en.wikipedia.org/wiki/Qabala",
303018,"AZ-QAX","QAX","Qax","AS","AZ","http://en.wikipedia.org/wiki/Qax",
303019,"AZ-QAZ","QAZ","Qazax","AS","AZ","http://en.wikipedia.org/wiki/Qazax",
303020,"AZ-QBA","QBA","Quba","AS","AZ","http://en.wikipedia.org/wiki/Quba",
303021,"AZ-QBI","QBI","Qubadli","AS","AZ","http://en.wikipedia.org/wiki/Qubadli",
303022,"AZ-QOB","QOB","Qobustan","AS","AZ","http://en.wikipedia.org/wiki/Qobustan",
303023,"AZ-QUS","QUS","Qusar","AS","AZ","http://en.wikipedia.org/wiki/Qusar",
303024,"AZ-SA","SA","Saki","AS","AZ","http://en.wikipedia.org/wiki/Saki",
303025,"AZ-SAB","SAB","Sabirabad","AS","AZ","http://en.wikipedia.org/wiki/Sabirabad",
303026,"AZ-SAD","SAD","Sadarak","AS","AZ","http://en.wikipedia.org/wiki/Sadarak",
303027,"AZ-SAH","SAH","Sahbuz","AS","AZ","http://en.wikipedia.org/wiki/Sahbuz",
303028,"AZ-SAL","SAL","Salyan","AS","AZ","http://en.wikipedia.org/wiki/Salyan",
303029,"AZ-SAR","SAR","Sarur","AS","AZ","http://en.wikipedia.org/wiki/Sarur",
303030,"AZ-SAT","SAT","Saatli","AS","AZ","http://en.wikipedia.org/wiki/Saatli",
303031,"AZ-SIY","SIY","Siyazan","AS","AZ","http://en.wikipedia.org/wiki/Siyazan",
303032,"AZ-SKR","SKR","Samkir","AS","AZ","http://en.wikipedia.org/wiki/Samkir",
303033,"AZ-SM","SM","Sumqayit","AS","AZ","http://en.wikipedia.org/wiki/Sumqayit",
303034,"AZ-SMI","SMI","Samaxi","AS","AZ","http://en.wikipedia.org/wiki/Samaxi",
303035,"AZ-SMX","SMX","Samux","AS","AZ","http://en.wikipedia.org/wiki/Samux",
303036,"AZ-SS","SS","Susa","AS","AZ","http://en.wikipedia.org/wiki/Susa",
303037,"AZ-TAR","TAR","Tartar","AS","AZ","http://en.wikipedia.org/wiki/Tartar",
303038,"AZ-TOV","TOV","Tovuz","AS","AZ","http://en.wikipedia.org/wiki/Tovuz",
303039,"AZ-U-A","U-A","(unassigned)","AS","AZ",,
303040,"AZ-UCA","UCA","Ucar","AS","AZ","http://en.wikipedia.org/wiki/Ucar",
303041,"AZ-XA","XA","Xankandi","AS","AZ","http://en.wikipedia.org/wiki/Xankandi",
303042,"AZ-XAC","XAC","Xacmaz","AS","AZ","http://en.wikipedia.org/wiki/Xacmaz",
303043,"AZ-XAN","XAN","Xanlar","AS","AZ","http://en.wikipedia.org/wiki/Xanlar",
303044,"AZ-XCI","XCI","Xocali","AS","AZ","http://en.wikipedia.org/wiki/Xocali",
303045,"AZ-XIZ","XIZ","Xizi","AS","AZ","http://en.wikipedia.org/wiki/Xizi",
303046,"AZ-XVD","XVD","Xocavand","AS","AZ","http://en.wikipedia.org/wiki/Xocavand",
303047,"AZ-YAR","YAR","Yardimli","AS","AZ","http://en.wikipedia.org/wiki/Yardimli",
303048,"AZ-YE","YE","Yevlax","AS","AZ","http://en.wikipedia.org/wiki/Yevlax",
303049,"AZ-ZAN","ZAN","Zangilan","AS","AZ","http://en.wikipedia.org/wiki/Zangilan",
303050,"AZ-ZAQ","ZAQ","Zaqatala","AS","AZ","http://en.wikipedia.org/wiki/Zaqatala",
303051,"AZ-ZAR","ZAR","Zardab","AS","AZ","http://en.wikipedia.org/wiki/Zardab",
303052,"BA-BIH","BIH","Federacija Bosna i Hercegovina","EU","BA","http://en.wikipedia.org/wiki/Federacija_Bosna_i_Hercegovina",
303053,"BA-SRP","SRP","Republika Srpska","EU","BA","http://en.wikipedia.org/wiki/Republika_Srpska",
303054,"BA-U-A","U-A","(unassigned)","EU","BA",,
303055,"BB-01",01,"Christ Church","NA","BB","http://en.wikipedia.org/wiki/Christ_Church",
303056,"BB-02",02,"Saint Andrew","NA","BB","http://en.wikipedia.org/wiki/Saint_Andrew",
303057,"BB-03",03,"Saint George","NA","BB","http://en.wikipedia.org/wiki/Saint_George",
303058,"BB-04",04,"Saint James","NA","BB","http://en.wikipedia.org/wiki/Saint_James",
303059,"BB-05",05,"Saint John","NA","BB","http://en.wikipedia.org/wiki/Saint_John",
303060,"BB-06",06,"Saint Joseph","NA","BB","http://en.wikipedia.org/wiki/Saint_Joseph",
303061,"BB-07",07,"Saint Lucy","NA","BB","http://en.wikipedia.org/wiki/Saint_Lucy",
303062,"BB-08",08,"Saint Michael","NA","BB","http://en.wikipedia.org/wiki/Saint_Michael",
303063,"BB-09",09,"Saint Peter","NA","BB","http://en.wikipedia.org/wiki/Saint_Peter",
303064,"BB-10",10,"Saint Philip","NA","BB","http://en.wikipedia.org/wiki/Saint_Philip",
303065,"BB-11",11,"Saint Thomas","NA","BB","http://en.wikipedia.org/wiki/Saint_Thomas",
303066,"BB-U-A","U-A","(unassigned)","NA","BB",,
306743,"BD-1",1,"Barisal Division","AS","BD","http://en.wikipedia.org/wiki/Barisal_Division","Barisal bibhag"
306744,"BD-2",2,"Chittagong Division","AS","BD","http://en.wikipedia.org/wiki/Chittagong_Division","Chittagong bibhag"
306742,"BD-3",3,"Dhaka Division","AS","BD","http://en.wikipedia.org/wiki/Dhaka_Division","Dhaka bibhag"
306741,"BD-4",4,"Khulna Division","AS","BD","http://en.wikipedia.org/wiki/Khulna_Division","Khulna bibhag"
306740,"BD-5",5,"Rajshahi Division","AS","BD","http://en.wikipedia.org/wiki/Rajshahi_Division","Rajshahi bibhag"
306739,"BD-6",6,"Sylhet Division","AS","BD","http://en.wikipedia.org/wiki/Sylhet_Division","Sylhet bibhag"
303067,"BD-U-A","U-A","(unassigned)","AS","BD",,
303068,"BE-BRU","BRU","Brussels-Capital Region","EU","BE","http://en.wikipedia.org/wiki/Brussels-Capital_Region","Bruxelles, Flanders, Flemish Region, Vlaams Gewest, Vlaanderen"
303069,"BE-U-A","U-A","(unassigned)","EU","BE",,
303070,"BE-VAN","VAN","Antwerp","EU","BE","http://en.wikipedia.org/wiki/Antwerp","Antwerpen, Flanders, Flemish Region, Vlaams Gewest, Vlaanderen"
303071,"BE-VBR","VBR","Flemish Brabant","EU","BE","http://en.wikipedia.org/wiki/Flemish_Brabant","Vlaams-Brabant, Flanders, Flemish Region, Vlaams Gewest, Vlaanderen"
303072,"BE-VLI","VLI","Limburg","EU","BE","http://en.wikipedia.org/wiki/Limburg","Flanders, Flemish Region, Vlaams Gewest, Vlaanderen"
303073,"BE-VOV","VOV","East Flanders","EU","BE","http://en.wikipedia.org/wiki/East_Flanders","Oost-Vlaanderen, Flanders, Flemish Region, Vlaams Gewest, Vlaanderen"
303074,"BE-VWV","VWV","West Flanders","EU","BE","http://en.wikipedia.org/wiki/West_Flanders","West-Vlaanderen, Flanders, Flemish Region, Vlaams Gewest, Vlaanderen"
303075,"BE-WBR","WBR","Walloon Brabant","EU","BE","http://en.wikipedia.org/wiki/Walloon_Brabant","Wallonia, Walloon Region"
303076,"BE-WHT","WHT","Hainaut","EU","BE","http://en.wikipedia.org/wiki/Hainaut","Wallonia, Walloon Region"
303077,"BE-WLG","WLG","Liège","EU","BE","http://en.wikipedia.org/wiki/Liège","Wallonia, Walloon Region"
303078,"BE-WLX","WLX","Luxembourg","EU","BE","http://en.wikipedia.org/wiki/Luxembourg","Wallonia, Walloon Region"
303079,"BE-WNA","WNA","Namur","EU","BE","http://en.wikipedia.org/wiki/Namur","Wallonia, Walloon Region"
303080,"BF-BAL","BAL","Bale","AF","BF","http://en.wikipedia.org/wiki/Bale",
303081,"BF-BAM","BAM","Bam","AF","BF","http://en.wikipedia.org/wiki/Bam",
303082,"BF-BAN","BAN","Banwa","AF","BF","http://en.wikipedia.org/wiki/Banwa",
303083,"BF-BAZ","BAZ","Bazega","AF","BF","http://en.wikipedia.org/wiki/Bazega",
303084,"BF-BGR","BGR","Bougouriba","AF","BF","http://en.wikipedia.org/wiki/Bougouriba",
303085,"BF-BLG","BLG","Boulgou","AF","BF","http://en.wikipedia.org/wiki/Boulgou",
303086,"BF-BLK","BLK","Boulkiemde","AF","BF","http://en.wikipedia.org/wiki/Boulkiemde",
303087,"BF-COM","COM","Comoe","AF","BF","http://en.wikipedia.org/wiki/Comoe",
303088,"BF-GAN","GAN","Ganzourgou","AF","BF","http://en.wikipedia.org/wiki/Ganzourgou",
303089,"BF-GNA","GNA","Gnagna","AF","BF","http://en.wikipedia.org/wiki/Gnagna",
303090,"BF-GOU","GOU","Gourma","AF","BF","http://en.wikipedia.org/wiki/Gourma",
303091,"BF-HOU","HOU","Houet","AF","BF","http://en.wikipedia.org/wiki/Houet",
303092,"BF-IOB","IOB","Ioba","AF","BF","http://en.wikipedia.org/wiki/Ioba",
303093,"BF-KAD","KAD","Kadiogo","AF","BF","http://en.wikipedia.org/wiki/Kadiogo",
303094,"BF-KEN","KEN","Kenedougou","AF","BF","http://en.wikipedia.org/wiki/Kenedougou",
303095,"BF-KMD","KMD","Komondjari","AF","BF","http://en.wikipedia.org/wiki/Komondjari",
303096,"BF-KMP","KMP","Kompienga","AF","BF","http://en.wikipedia.org/wiki/Kompienga",
303097,"BF-KOP","KOP","Koulpulogo","AF","BF","http://en.wikipedia.org/wiki/Koulpulogo",
303098,"BF-KOS","KOS","Kossi","AF","BF","http://en.wikipedia.org/wiki/Kossi",
303099,"BF-KOT","KOT","Kouritenga","AF","BF","http://en.wikipedia.org/wiki/Kouritenga",
303100,"BF-KOW","KOW","Kourweogo","AF","BF","http://en.wikipedia.org/wiki/Kourweogo",
303101,"BF-LER","LER","Leraba","AF","BF","http://en.wikipedia.org/wiki/Leraba",
303102,"BF-LOR","LOR","Loroum","AF","BF","http://en.wikipedia.org/wiki/Loroum",
303103,"BF-MOU","MOU","Mouhoun","AF","BF","http://en.wikipedia.org/wiki/Mouhoun",
303104,"BF-NAM","NAM","Namentenga","AF","BF","http://en.wikipedia.org/wiki/Namentenga",
303105,"BF-NAO","NAO","Nahouri","AF","BF","http://en.wikipedia.org/wiki/Nahouri",
303106,"BF-NAY","NAY","Nayala","AF","BF","http://en.wikipedia.org/wiki/Nayala",
303107,"BF-NOU","NOU","Noumbiel","AF","BF","http://en.wikipedia.org/wiki/Noumbiel",
303108,"BF-OUB","OUB","Oubritenga","AF","BF","http://en.wikipedia.org/wiki/Oubritenga",
303109,"BF-OUD","OUD","Oudalan","AF","BF","http://en.wikipedia.org/wiki/Oudalan",
303110,"BF-PAS","PAS","Passore","AF","BF","http://en.wikipedia.org/wiki/Passore",
303111,"BF-PON","PON","Poni","AF","BF","http://en.wikipedia.org/wiki/Poni",
303112,"BF-SEN","SEN","Seno","AF","BF","http://en.wikipedia.org/wiki/Seno",
303113,"BF-SIS","SIS","Siasili","AF","BF","http://en.wikipedia.org/wiki/Siasili",
303114,"BF-SMT","SMT","Sanmatenga","AF","BF","http://en.wikipedia.org/wiki/Sanmatenga",
303115,"BF-SNG","SNG","Sanguie","AF","BF","http://en.wikipedia.org/wiki/Sanguie",
303116,"BF-SOM","SOM","Soum","AF","BF","http://en.wikipedia.org/wiki/Soum",
303117,"BF-SOR","SOR","Sourou","AF","BF","http://en.wikipedia.org/wiki/Sourou",
303118,"BF-TAP","TAP","Tapoa","AF","BF","http://en.wikipedia.org/wiki/Tapoa",
303119,"BF-TUI","TUI","Tui","AF","BF","http://en.wikipedia.org/wiki/Tui",
303120,"BF-U-A","U-A","(unassigned)","AF","BF",,
303121,"BF-YAG","YAG","Yagha","AF","BF","http://en.wikipedia.org/wiki/Yagha",
303122,"BF-YAT","YAT","Yatenga","AF","BF","http://en.wikipedia.org/wiki/Yatenga",
303123,"BF-ZIR","ZIR","Ziro","AF","BF","http://en.wikipedia.org/wiki/Ziro",
303124,"BF-ZON","ZON","Zondoma","AF","BF","http://en.wikipedia.org/wiki/Zondoma",
303125,"BF-ZOU","ZOU","Zoundweogo","AF","BF","http://en.wikipedia.org/wiki/Zoundweogo",
303126,"BG-01",01,"Blagoevgrad Province","EU","BG","http://en.wikipedia.org/wiki/Blagoevgrad_Province",
303127,"BG-02",02,"Burgas Province","EU","BG","http://en.wikipedia.org/wiki/Burgas_Province",
303128,"BG-03",03,"Varna Province","EU","BG","http://en.wikipedia.org/wiki/Varna_Province",
303129,"BG-04",04,"Veliko Tarnovo Province","EU","BG","http://en.wikipedia.org/wiki/Veliko_Tarnovo_Province",
303130,"BG-05",05,"Vidin Province","EU","BG","http://en.wikipedia.org/wiki/Vidin_Province",
303131,"BG-06",06,"Vraca Province","EU","BG","http://en.wikipedia.org/wiki/Vraca_Province",
303132,"BG-07",07,"Gabrovo Province","EU","BG","http://en.wikipedia.org/wiki/Gabrovo_Province",
303133,"BG-08",08,"Dobric Province","EU","BG","http://en.wikipedia.org/wiki/Dobric_Province",
303134,"BG-09",09,"Kardzali Province","EU","BG","http://en.wikipedia.org/wiki/Kardzali_Province",
303135,"BG-10",10,"Kyustendil Province","EU","BG","http://en.wikipedia.org/wiki/Kyustendil_Province","Kjstendil"
303136,"BG-11",11,"Lovec Province","EU","BG","http://en.wikipedia.org/wiki/Lovec_Province",
303137,"BG-12",12,"Montana Province","EU","BG","http://en.wikipedia.org/wiki/Montana_Province",
303138,"BG-13",13,"Pazardzhik Province","EU","BG","https://en.wikipedia.org/wiki/Pazardzhik_Province",
303139,"BG-14",14,"Pernik Province","EU","BG","http://en.wikipedia.org/wiki/Pernik_Province",
303140,"BG-15",15,"Pleven Province","EU","BG","http://en.wikipedia.org/wiki/Pleven_Province",
303141,"BG-16",16,"Plovdiv Province","EU","BG","http://en.wikipedia.org/wiki/Plovdiv_Province",
303142,"BG-17",17,"Razgrad Province","EU","BG","http://en.wikipedia.org/wiki/Razgrad_Province",
303143,"BG-18",18,"Ruse Province","EU","BG","http://en.wikipedia.org/wiki/Ruse_Province",
303144,"BG-19",19,"Silistra Province","EU","BG","http://en.wikipedia.org/wiki/Silistra_Province",
303145,"BG-20",20,"Sliven Province","EU","BG","http://en.wikipedia.org/wiki/Sliven_Province",
303146,"BG-21",21,"Smoljan Province","EU","BG","http://en.wikipedia.org/wiki/Smoljan_Province",
303147,"BG-23",23,"Sofia Province","EU","BG","http://en.wikipedia.org/wiki/Sofia_Province",
303148,"BG-24",24,"Stara Zagora Province","EU","BG","http://en.wikipedia.org/wiki/Stara_Zagora_Province",
303149,"BG-25",25,"Targovishte Province","EU","BG","http://en.wikipedia.org/wiki/Targovishte_Province","Targoviste"
303150,"BG-26",26,"Haskovo Province","EU","BG","http://en.wikipedia.org/wiki/Haskovo_Province",
303151,"BG-27",27,"Sumen Province","EU","BG","http://en.wikipedia.org/wiki/Sumen_Province",
303152,"BG-28",28,"Jambol Province","EU","BG","http://en.wikipedia.org/wiki/Jambol_Province",
303153,"BG-U-A","U-A","(unassigned)","EU","BG",,
306734,"BH-13",13,"Capital Governorate","AS","BH","http://en.wikipedia.org/wiki/Capital_Governorate",
306733,"BH-14",14,"Southern Governorate","AS","BH","http://en.wikipedia.org/wiki/Southern_Governorate",
306732,"BH-15",15,"Muharraq Governorate","AS","BH","http://en.wikipedia.org/wiki/Al_Muharraq_Governorate",
306731,"BH-16",16,"Central Governorate","AS","BH","http://en.wikipedia.org/wiki/Central_Governorate",
306730,"BH-17",17,"Northern Governorate","AS","BH","http://en.wikipedia.org/wiki/Northern_Governorate",
303154,"BH-U-A","U-A","(unassigned)","AS","BH",,
303155,"BI-BB","BB","Bubanza","AF","BI","http://en.wikipedia.org/wiki/Bubanza",
303156,"BI-BJ","BJ","Bujumbura","AF","BI","http://en.wikipedia.org/wiki/Bujumbura",
303157,"BI-BR","BR","Bururi","AF","BI","http://en.wikipedia.org/wiki/Bururi",
303158,"BI-CA","CA","Cankuzo","AF","BI","http://en.wikipedia.org/wiki/Cankuzo",
303159,"BI-CI","CI","Cibitoke","AF","BI","http://en.wikipedia.org/wiki/Cibitoke",
303160,"BI-GI","GI","Gitega","AF","BI","http://en.wikipedia.org/wiki/Gitega",
303161,"BI-KR","KR","Karuzi","AF","BI","http://en.wikipedia.org/wiki/Karuzi",
303162,"BI-KY","KY","Kayanza","AF","BI","http://en.wikipedia.org/wiki/Kayanza",
303163,"BI-MA","MA","Makamba","AF","BI","http://en.wikipedia.org/wiki/Makamba",
303164,"BI-MU","MU","Muramvya","AF","BI","http://en.wikipedia.org/wiki/Muramvya",
303165,"BI-MW","MW","Mwaro","AF","BI","http://en.wikipedia.org/wiki/Mwaro",
303166,"BI-NG","NG","Ngozi","AF","BI","http://en.wikipedia.org/wiki/Ngozi",
303167,"BI-RT","RT","Rutana","AF","BI","http://en.wikipedia.org/wiki/Rutana",
303168,"BI-RY","RY","Ruyigi","AF","BI","http://en.wikipedia.org/wiki/Ruyigi",
303169,"BI-U-A","U-A","(unassigned)","AF","BI",,
303170,"BJ-AK","AK","Atakora","AF","BJ","http://en.wikipedia.org/wiki/Atakora",
303171,"BJ-AL","AL","Alibori","AF","BJ","http://en.wikipedia.org/wiki/Alibori",
303172,"BJ-AQ","AQ","Atlantique","AF","BJ","http://en.wikipedia.org/wiki/Atlantique",
303173,"BJ-BO","BO","Borgou","AF","BJ","http://en.wikipedia.org/wiki/Borgou",
303174,"BJ-CO","CO","Collines","AF","BJ","http://en.wikipedia.org/wiki/Collines",
303175,"BJ-DO","DO","Donga","AF","BJ","http://en.wikipedia.org/wiki/Donga",
303176,"BJ-KO","KO","Kouffo","AF","BJ","http://en.wikipedia.org/wiki/Kouffo",
303177,"BJ-LI","LI","Littoral","AF","BJ","http://en.wikipedia.org/wiki/Littoral",
303178,"BJ-MO","MO","Mono","AF","BJ","http://en.wikipedia.org/wiki/Mono",
303179,"BJ-OU","OU","Oueme","AF","BJ","http://en.wikipedia.org/wiki/Oueme",
303180,"BJ-PL","PL","Plateau","AF","BJ","http://en.wikipedia.org/wiki/Plateau",
303181,"BJ-U-A","U-A","(unassigned)","AF","BJ",,
303182,"BJ-ZO","ZO","Zou","AF","BJ","http://en.wikipedia.org/wiki/Zou",
306727,"BL-U-A","U-A","(unassigned)","NA","BL",,
303183,"BM-U-A","U-A","(unassigned)","NA","BM",,
303184,"BN-BE","BE","Belait District","AS","BN","http://en.wikipedia.org/wiki/Belait_District",
303185,"BN-BM","BM","Brunei-Muara District","AS","BN","http://en.wikipedia.org/wiki/Brunei-Muara_District",
303186,"BN-TE","TE","Temburong District","AS","BN","http://en.wikipedia.org/wiki/Temburong_District",
303187,"BN-TU","TU","Tutong District","AS","BN","http://en.wikipedia.org/wiki/Tutong_District",
303188,"BN-U-A","U-A","(unassigned)","AS","BN",,
303189,"BO-B","B","El Beni Department","SA","BO","http://en.wikipedia.org/wiki/El_Beni_Department",
303190,"BO-C","C","Cochabamba Department","SA","BO","http://en.wikipedia.org/wiki/Cochabamba_Department",
303191,"BO-H","H","Chuquisaca Department","SA","BO","http://en.wikipedia.org/wiki/Chuquisaca_Department",
303192,"BO-L","L","La Paz Department","SA","BO","https://en.wikipedia.org/wiki/La_Paz_Department_(Bolivia)",
303193,"BO-N","N","Pando Department","SA","BO","http://en.wikipedia.org/wiki/Pando_Department",
303194,"BO-O","O","Oruro Department","SA","BO","http://en.wikipedia.org/wiki/Oruro_Department",
303195,"BO-P","P","Potosí Department","SA","BO","http://en.wikipedia.org/wiki/Potosí_Department",
303196,"BO-S","S","Santa Cruz Department","SA","BO","http://en.wikipedia.org/wiki/Santa_Cruz_Department",
303197,"BO-T","T","Tarija Department","SA","BO","http://en.wikipedia.org/wiki/Tarija_Department",
303198,"BO-U-A","U-A","(unassigned)","SA","BO",,
302911,"BQ-U-A","U-A","(unassigned)","NA","BQ",,
303199,"BR-AC","AC","Acre","SA","BR","http://en.wikipedia.org/wiki/Acre",
303200,"BR-AL","AL","Alagoas","SA","BR","http://en.wikipedia.org/wiki/Alagoas",
303201,"BR-AM","AM","Amazonas","SA","BR","http://en.wikipedia.org/wiki/Amazonas",
303202,"BR-AP","AP","Amapá","SA","BR","http://en.wikipedia.org/wiki/Amapá",
303203,"BR-BA","BA","Bahia","SA","BR","http://en.wikipedia.org/wiki/Bahia",
303204,"BR-CE","CE","Ceará","SA","BR","http://en.wikipedia.org/wiki/Ceará",
303205,"BR-DF","DF","Distrito Federal","SA","BR","https://en.wikipedia.org/wiki/Federal_District_(Brazil)",
303206,"BR-ES","ES","Espírito Santo","SA","BR","http://en.wikipedia.org/wiki/Espírito_Santo",
303207,"BR-GO","GO","Goiás","SA","BR","http://en.wikipedia.org/wiki/Goiás",
303208,"BR-MA","MA","Maranhão","SA","BR","http://en.wikipedia.org/wiki/Maranhão",
303209,"BR-MG","MG","Minas Gerais","SA","BR","http://en.wikipedia.org/wiki/Minas_Gerais",
303210,"BR-MS","MS","Mato Grosso do Sul","SA","BR","http://en.wikipedia.org/wiki/Mato_Grosso_do_Sul",
303211,"BR-MT","MT","Mato Grosso","SA","BR","http://en.wikipedia.org/wiki/Mato_Grosso",
303212,"BR-PA","PA","Pará","SA","BR","http://en.wikipedia.org/wiki/Pará",
303213,"BR-PB","PB","Paraíba","SA","BR","http://en.wikipedia.org/wiki/Paraíba",
303214,"BR-PE","PE","Pernambuco","SA","BR","http://en.wikipedia.org/wiki/Pernambuco",
303215,"BR-PI","PI","Piauí","SA","BR","http://en.wikipedia.org/wiki/Piauí",
303216,"BR-PR","PR","Paraná","SA","BR","https://en.wikipedia.org/wiki/Paran%C3%A1_(state)",
303217,"BR-RJ","RJ","Rio de Janeiro","SA","BR","http://en.wikipedia.org/wiki/Rio_de_Janeiro",
303218,"BR-RN","RN","Rio Grande do Norte","SA","BR","http://en.wikipedia.org/wiki/Rio_Grande_do_Norte",
303219,"BR-RO","RO","Rondônia","SA","BR","http://en.wikipedia.org/wiki/Rondônia",
303220,"BR-RR","RR","Roraima","SA","BR","http://en.wikipedia.org/wiki/Roraima",
303221,"BR-RS","RS","Rio Grande do Sul","SA","BR","http://en.wikipedia.org/wiki/Rio_Grande_do_Sul",
303222,"BR-SC","SC","Santa Catarina","SA","BR","http://en.wikipedia.org/wiki/Santa_Catarina",
303223,"BR-SE","SE","Sergipe","SA","BR","http://en.wikipedia.org/wiki/Sergipe",
303224,"BR-SP","SP","São Paulo","SA","BR","http://en.wikipedia.org/wiki/São_Paulo",
303225,"BR-TO","TO","Tocatins","SA","BR","http://en.wikipedia.org/wiki/Tocatins",
303226,"BR-U-A","U-A","(unassigned)","SA","BR",,
303227,"BS-AC","AC","Acklins and Crooked Islands","NA","BS","http://en.wikipedia.org/wiki/Acklins_and_Crooked_Islands",
303228,"BS-BI","BI","Bimini","NA","BS","http://en.wikipedia.org/wiki/Bimini",
303229,"BS-CI","CI","Cat Island","NA","BS","http://en.wikipedia.org/wiki/Cat_Island",
303230,"BS-EX","EX","Exuma","NA","BS","http://en.wikipedia.org/wiki/Exuma",
303231,"BS-FC","FC","Fresh Creek","NA","BS","http://en.wikipedia.org/wiki/Fresh_Creek",
303232,"BS-FP","FP","Freeport","NA","BS","http://en.wikipedia.org/wiki/Freeport",
303233,"BS-GH","GH","Governor's Harbour","NA","BS","http://en.wikipedia.org/wiki/Governor's_Harbour",
303234,"BS-GT","GT","Green Turtle Cay","NA","BS","http://en.wikipedia.org/wiki/Green_Turtle_Cay",
303235,"BS-HI","HI","Harbour Island","NA","BS","http://en.wikipedia.org/wiki/Harbour_Island",
303236,"BS-HR","HR","High Rock","NA","BS","http://en.wikipedia.org/wiki/High_Rock",
303237,"BS-IN","IN","Inagua","NA","BS","http://en.wikipedia.org/wiki/Inagua",
303238,"BS-KB","KB","Kemps Bay","NA","BS","http://en.wikipedia.org/wiki/Kemps_Bay",
303239,"BS-LI","LI","Long Island","NA","BS","http://en.wikipedia.org/wiki/Long_Island",
303240,"BS-MG","MG","Mayaguana","NA","BS","http://en.wikipedia.org/wiki/Mayaguana",
303241,"BS-MH","MH","Marsh Harbour","NA","BS","http://en.wikipedia.org/wiki/Marsh_Harbour",
303242,"BS-NB","NB","Nicholls Town and Berry Islands","NA","BS","http://en.wikipedia.org/wiki/Nicholls_Town_and_Berry_Islands",
303243,"BS-NP","NP","New Providence","NA","BS","http://en.wikipedia.org/wiki/New_Providence",
303244,"BS-RI","RI","Ragged Island","NA","BS","http://en.wikipedia.org/wiki/Ragged_Island",
303245,"BS-RS","RS","Rock Sound","NA","BS","http://en.wikipedia.org/wiki/Rock_Sound",
303246,"BS-SP","SP","Sandy Point","NA","BS","http://en.wikipedia.org/wiki/Sandy_Point",
303247,"BS-SR","SR","San Salvador and Rum Cay","NA","BS","http://en.wikipedia.org/wiki/San_Salvador_and_Rum_Cay",
303248,"BS-U-A","U-A","(unassigned)","NA","BS",,
303249,"BT-11",11,"Paro","AS","BT","http://en.wikipedia.org/wiki/Paro",
303250,"BT-12",12,"Chhukha","AS","BT","http://en.wikipedia.org/wiki/Chhukha",
303251,"BT-13",13,"Ha","AS","BT","http://en.wikipedia.org/wiki/Ha",
303252,"BT-14",14,"Samtee","AS","BT","http://en.wikipedia.org/wiki/Samtee",
303253,"BT-15",15,"Thimphu","AS","BT","http://en.wikipedia.org/wiki/Thimphu",
303254,"BT-21",21,"Tsirang","AS","BT","http://en.wikipedia.org/wiki/Tsirang",
303255,"BT-22",22,"Dagana","AS","BT","http://en.wikipedia.org/wiki/Dagana",
303256,"BT-23",23,"Punakha","AS","BT","http://en.wikipedia.org/wiki/Punakha",
303257,"BT-24",24,"Wangdue Phodrang","AS","BT","http://en.wikipedia.org/wiki/Wangdue_Phodrang",
303258,"BT-31",31,"Sarpang","AS","BT","http://en.wikipedia.org/wiki/Sarpang",
303259,"BT-32",32,"Trongsa","AS","BT","http://en.wikipedia.org/wiki/Trongsa",
303260,"BT-33",33,"Bumthang","AS","BT","http://en.wikipedia.org/wiki/Bumthang",
303261,"BT-34",34,"Zhemgang","AS","BT","http://en.wikipedia.org/wiki/Zhemgang",
303262,"BT-41",41,"Trashigang","AS","BT","http://en.wikipedia.org/wiki/Trashigang",
303263,"BT-42",42,"Monggar","AS","BT","http://en.wikipedia.org/wiki/Monggar",
303264,"BT-43",43,"Pemagatshel","AS","BT","http://en.wikipedia.org/wiki/Pemagatshel",
303265,"BT-44",44,"Lhuentse","AS","BT","http://en.wikipedia.org/wiki/Lhuentse",
303266,"BT-45",45,"Samdrup Jongkha","AS","BT","http://en.wikipedia.org/wiki/Samdrup_Jongkha",
303267,"BT-GA","GA","Gasa","AS","BT","http://en.wikipedia.org/wiki/Gasa",
303268,"BT-TY","TY","Trashi Yangtse","AS","BT","http://en.wikipedia.org/wiki/Trashi_Yangtse",
303269,"BT-U-A","U-A","(unassigned)","AS","BT",,
303270,"BW-CE","CE","Central District","AF","BW","http://en.wikipedia.org/wiki/Central_District_(Botswana)",
303271,"BW-GH","GH","Ghanzi District","AF","BW","http://en.wikipedia.org/wiki/Ghanzi_District",
303272,"BW-KG","KG","Kgalagadi District","AF","BW","http://en.wikipedia.org/wiki/Kgalagadi_District",
303273,"BW-KL","KL","Kgatleng District","AF","BW","http://en.wikipedia.org/wiki/Kgatleng_District",
303274,"BW-KW","KW","Kweneng District","AF","BW","http://en.wikipedia.org/wiki/Kweneng_District",
303275,"BW-NE","NE","North-East District","AF","BW","http://en.wikipedia.org/wiki/North-East_District",
303276,"BW-NW","NW","North-West District","AF","BW","http://en.wikipedia.org/wiki/North-West_District",
303277,"BW-SE","SE","South-East District","AF","BW","http://en.wikipedia.org/wiki/South-East_District",
303278,"BW-SO","SO","Southern District","AF","BW","http://en.wikipedia.org/wiki/Southern_District_(Botswana)",
303279,"BW-U-A","U-A","(unassigned)","AF","BW",,
303280,"BY-BR","BR","Brest Voblast","EU","BY","http://en.wikipedia.org/wiki/Brest_Voblast","Brèsckaja voblasc'"
303281,"BY-HO","HO","Homiel Voblast","EU","BY","http://en.wikipedia.org/wiki/Homiel_Voblast","Homel'skaja voblasc', Homyel, Gomel"
303282,"BY-HR","HR","Hrodna Voblast","EU","BY","http://en.wikipedia.org/wiki/Hrodna_Voblast","Hrodzenskaja voblasc', Grodno"
303283,"BY-MA","MA","Mahilyow Voblast","EU","BY","http://en.wikipedia.org/wiki/Mahilyow_Voblast","Mahilëuskaja voblasc'"
303284,"BY-MI","MI","Minsk Voblast","EU","BY","http://en.wikipedia.org/wiki/Minsk_Voblast","Minskaja voblasc', Мі́нская во́бласць"
303285,"BY-U-A","U-A","(unassigned)","EU","BY",,
303286,"BY-VI","VI","Vitsebsk Voblast","EU","BY","http://en.wikipedia.org/wiki/Vitsebsk_Voblast","Vicebskaja voblasc', Ві́цебская во́бласць"
303287,"BZ-BZ","BZ","Belize District","NA","BZ","http://en.wikipedia.org/wiki/Belize_District",
303288,"BZ-CY","CY","Cayo District","NA","BZ","http://en.wikipedia.org/wiki/Cayo_District",
303289,"BZ-CZL","CZL","Corozal District","NA","BZ","http://en.wikipedia.org/wiki/Corozal_District",
303290,"BZ-OW","OW","Orange Walk District","NA","BZ","http://en.wikipedia.org/wiki/Orange_Walk_District",
303291,"BZ-SC","SC","Stann Creek District","NA","BZ","http://en.wikipedia.org/wiki/Stann_Creek_District",
303292,"BZ-TOL","TOL","Toledo District","NA","BZ","http://en.wikipedia.org/wiki/Toledo_District",
303293,"BZ-U-A","U-A","(unassigned)","NA","BZ",,
303294,"CA-AB","AB","Alberta","NA","CA","http://en.wikipedia.org/wiki/Alberta",
303295,"CA-BC","BC","British Columbia","NA","CA","http://en.wikipedia.org/wiki/British_Columbia",
303296,"CA-MB","MB","Manitoba","NA","CA","http://en.wikipedia.org/wiki/Manitoba",
303297,"CA-NB","NB","New Brunswick","NA","CA","http://en.wikipedia.org/wiki/New_Brunswick",
303298,"CA-NL","NL","Newfoundland and Labrador","NA","CA","http://en.wikipedia.org/wiki/Newfoundland_and_Labrador",
303299,"CA-NS","NS","Nova Scotia","NA","CA","http://en.wikipedia.org/wiki/Nova_Scotia",
303300,"CA-NT","NT","Northwest Territories","NA","CA","http://en.wikipedia.org/wiki/Northwest_Territories",
303301,"CA-NU","NU","Nunavut","NA","CA","http://en.wikipedia.org/wiki/Nunavut",
303302,"CA-ON","ON","Ontario","NA","CA","http://en.wikipedia.org/wiki/Ontario",
303303,"CA-PE","PE","Prince Edward Island","NA","CA","http://en.wikipedia.org/wiki/Prince_Edward_Island",
303304,"CA-QC","QC","Quebec","NA","CA","http://en.wikipedia.org/wiki/Quebec","Aéroports du Québec"
303305,"CA-SK","SK","Saskatchewan","NA","CA","http://en.wikipedia.org/wiki/Saskatchewan",
303306,"CA-U-A","U-A","(unassigned)","NA","CA",,
303307,"CA-YT","YT","Yukon Territory","NA","CA","http://en.wikipedia.org/wiki/Yukon_Territory",
303308,"CC-U-A","U-A","(unassigned)","AS","CC",,
303309,"CD-BC","BC","Bas-Congo Province","AF","CD","http://en.wikipedia.org/wiki/Bas-Congo_Province",
303310,"CD-BN","BN","Bandundu Province","AF","CD","http://en.wikipedia.org/wiki/Bandundu_Province",
303311,"CD-EQ","EQ","Equateur Province","AF","CD","http://en.wikipedia.org/wiki/Equateur_Province",
303312,"CD-HC","HC","Haut-Congo Province","AF","CD","http://en.wikipedia.org/wiki/Haut-Congo_Province",
303313,"CD-KA","KA","Katanga Province","AF","CD","http://en.wikipedia.org/wiki/Katanga_Province",
303314,"CD-KE","KE","Kasai-Oriental Province","AF","CD","http://en.wikipedia.org/wiki/Kasai-Oriental_Province",
303315,"CD-KN","KN","Kinshasa Province","AF","CD","http://en.wikipedia.org/wiki/Kinshasa_Province",
303316,"CD-KW","KW","Kasai-Occidental Province","AF","CD","http://en.wikipedia.org/wiki/Kasai-Occidental_Province",
303317,"CD-MA","MA","Maniema Province","AF","CD","http://en.wikipedia.org/wiki/Maniema_Province",
303318,"CD-NK","NK","Nord-Kivu Province","AF","CD","http://en.wikipedia.org/wiki/Nord-Kivu_Province",
303319,"CD-OR","OR","Orientale Province","AF","CD","http://en.wikipedia.org/wiki/Orientale_Province",
303320,"CD-SK","SK","Sud-Kivu Province","AF","CD","http://en.wikipedia.org/wiki/Sud-Kivu_Province",
303321,"CD-U-A","U-A","(unassigned)","AF","CD",,
303322,"CF-AC","AC","Ouham","AF","CF","http://en.wikipedia.org/wiki/Ouham",
303323,"CF-BB","BB","Bamingui-Bangoran","AF","CF","http://en.wikipedia.org/wiki/Bamingui-Bangoran",
303324,"CF-BGF","BGF","Bangui","AF","CF","http://en.wikipedia.org/wiki/Bangui",
303325,"CF-BK","BK","Basse-Kotto","AF","CF","http://en.wikipedia.org/wiki/Basse-Kotto",
303326,"CF-HK","HK","Haute-Kotto","AF","CF","http://en.wikipedia.org/wiki/Haute-Kotto",
303327,"CF-HM","HM","Haut-Mbomou","AF","CF","http://en.wikipedia.org/wiki/Haut-Mbomou",
303328,"CF-HS","HS","Mambéré-Kadéï","AF","CF","http://en.wikipedia.org/wiki/Mamb%C3%A9r%C3%A9-Kad%C3%A9%C3%AF",
303329,"CF-KB","KB","Nana-Grébizi","AF","CF","http://en.wikipedia.org/wiki/Nana-Gr%C3%A9bizi",
303330,"CF-KG","KG","Kémo","AF","CF","http://en.wikipedia.org/wiki/K%C3%A9mo",
303331,"CF-LB","LB","Lobaye","AF","CF","http://en.wikipedia.org/wiki/Lobaye",
303332,"CF-MB","MB","Mbomou","AF","CF","http://en.wikipedia.org/wiki/Mbomou",
303333,"CF-MP","MP","Ombella-M'Poko","AF","CF","http://en.wikipedia.org/wiki/Ombella-M%27Poko",
303334,"CF-NM","NM","Nana-Mambéré","AF","CF","http://en.wikipedia.org/wiki/Nana-Mamb%C3%A9r%C3%A9",
303335,"CF-OP","OP","Ouham-Pendé","AF","CF","http://en.wikipedia.org/wiki/Ouham-Pend%C3%A9",
303336,"CF-SE","SE","Sangha-Mbaéré","AF","CF","http://en.wikipedia.org/wiki/Sangha-Mba%C3%A9r%C3%A9",
303337,"CF-U-A","U-A","(unassigned)","AF","CF",,
303338,"CF-UK","UK","Ouaka","AF","CF","http://en.wikipedia.org/wiki/Ouaka",
303339,"CF-VR","VR","Vakaga","AF","CF","http://en.wikipedia.org/wiki/Vakaga",
303340,"CG-11",11,"Bouenza Department","AF","CG","http://en.wikipedia.org/wiki/Bouenza_Department",
303341,"CG-12",12,"Pool Department","AF","CG","http://en.wikipedia.org/wiki/Pool_Department",
303342,"CG-13",13,"Sangha Department","AF","CG","http://en.wikipedia.org/wiki/Sangha_Department",
303343,"CG-14",14,"Plateaux Department","AF","CG","https://en.wikipedia.org/wiki/Plateaux_Department_(Republic_of_the_Congo)",
303344,"CG-15",15,"Cuvette-Ouest Department","AF","CG","http://en.wikipedia.org/wiki/Cuvette-Ouest_Department",
303345,"CG-2",2,"Lékoumou Department","AF","CG","https://en.wikipedia.org/wiki/Lékoumou_Department",
303346,"CG-5",5,"Kouilou Department","AF","CG","http://en.wikipedia.org/wiki/Kouilou_Department",
303347,"CG-7",7,"Likouala Department","AF","CG","http://en.wikipedia.org/wiki/Likouala_Department",
303348,"CG-8",8,"Cuvette Department","AF","CG","http://en.wikipedia.org/wiki/Cuvette_Department",
303349,"CG-9",9,"Niari Department","AF","CG","http://en.wikipedia.org/wiki/Niari_Department",
303350,"CG-BZV","BZV","Brazzaville Department","AF","CG","http://en.wikipedia.org/wiki/Brazzaville_Department",
303351,"CG-U-A","U-A","(unassigned)","AF","CG",,
303352,"CH-AG","AG","Canton of Aargau","EU","CH","http://en.wikipedia.org/wiki/Aargau",
303353,"CH-AI","AI","Canton of Appenzell Innerrhoden","EU","CH","http://en.wikipedia.org/wiki/Appenzell_Innerrhoden",
303354,"CH-AR","AR","Canton of Appenzell Ausserrhoden","EU","CH","http://en.wikipedia.org/wiki/Appenzell_Ausserrhoden",
303355,"CH-BE","BE","Canton of Berne","EU","CH","http://en.wikipedia.org/wiki/Berne","Bern"
303356,"CH-BL","BL","Canton of Basel-Country","EU","CH","http://en.wikipedia.org/wiki/Basel-Country","Basel-Landschaft"
303357,"CH-BS","BS","Canton of Basel-City","EU","CH","http://en.wikipedia.org/wiki/Basel-City","Basel-Stadt"
303358,"CH-FR","FR","Canton of Fribourg","EU","CH","http://en.wikipedia.org/wiki/Fribourg",
303359,"CH-GE","GE","Canton of Geneva","EU","CH","http://en.wikipedia.org/wiki/Geneva","Genève"
303360,"CH-GL","GL","Canton of Glarus","EU","CH","http://en.wikipedia.org/wiki/Glarus",
303361,"CH-GR","GR","Canton of Grisons","EU","CH","http://en.wikipedia.org/wiki/Grisons","Graubünden"
303362,"CH-JU","JU","Canton of Jura","EU","CH","http://en.wikipedia.org/wiki/Jura",
303363,"CH-LU","LU","Canton of Lucerne","EU","CH","http://en.wikipedia.org/wiki/Lucerne","Luzern"
303364,"CH-NE","NE","Canton of Neuchâtel","EU","CH","http://en.wikipedia.org/wiki/Neuchâtel",
303365,"CH-NW","NW","Canton of Nidwalden","EU","CH","http://en.wikipedia.org/wiki/Nidwalden",
303366,"CH-OW","OW","Canton of Obwalden","EU","CH","http://en.wikipedia.org/wiki/Obwalden",
303367,"CH-SG","SG","Canton of St. Gallen","EU","CH","http://en.wikipedia.org/wiki/St._Gallen","Sankt Gallen"
303368,"CH-SH","SH","Canton of Schaffhausen","EU","CH","http://en.wikipedia.org/wiki/Schaffhausen",
303369,"CH-SO","SO","Canton of Solothurn","EU","CH","http://en.wikipedia.org/wiki/Solothurn",
303370,"CH-SZ","SZ","Canton of Schwyz","EU","CH","http://en.wikipedia.org/wiki/Schwyz",
303371,"CH-TG","TG","Canton of Thurgau","EU","CH","http://en.wikipedia.org/wiki/Thurgau",
303372,"CH-TI","TI","Canton of Ticino","EU","CH","http://en.wikipedia.org/wiki/Ticino",
303373,"CH-U-A","U-A","(unassigned)","EU","CH",,
303374,"CH-UR","UR","Canton of Uri","EU","CH","http://en.wikipedia.org/wiki/Uri",
303375,"CH-VD","VD","Canton of Vaud","EU","CH","http://en.wikipedia.org/wiki/Vaud",
303376,"CH-VS","VS","Canton of Valais","EU","CH","http://en.wikipedia.org/wiki/Valais",
303377,"CH-ZG","ZG","Canton of Zug","EU","CH","http://en.wikipedia.org/wiki/Zug",
303378,"CH-ZH","ZH","Canton of Zurich","EU","CH","http://en.wikipedia.org/wiki/Zurich",
303379,"CI-01",01,"Lagunes","AF","CI","http://en.wikipedia.org/wiki/Lagunes",
303380,"CI-02",02,"Haut-Sassandra","AF","CI","http://en.wikipedia.org/wiki/Haut-Sassandra",
303381,"CI-03",03,"Savanes","AF","CI","http://en.wikipedia.org/wiki/Savanes",
303382,"CI-04",04,"Vallée du Bandama","AF","CI","http://en.wikipedia.org/wiki/Vallée_du_Bandama",
303383,"CI-05",05,"Moyen-Comoé","AF","CI","http://en.wikipedia.org/wiki/Moyen-Comoé",
303384,"CI-06",06,"Dix-Huit Montagnes","AF","CI","http://en.wikipedia.org/wiki/Dix-Huit_Montagnes","18 Montagnes"
303385,"CI-07",07,"Lacs","AF","CI","http://en.wikipedia.org/wiki/Lacs",
303386,"CI-08",08,"Zanzan","AF","CI","http://en.wikipedia.org/wiki/Zanzan",
303387,"CI-09",09,"Bas-Sassandra","AF","CI","http://en.wikipedia.org/wiki/Bas-Sassandra",
303388,"CI-10",10,"Denguélé","AF","CI","http://en.wikipedia.org/wiki/Denguélé",
303389,"CI-11",11,"N'zi-Comoé","AF","CI","http://en.wikipedia.org/wiki/N'zi-Comoé",
303390,"CI-12",12,"Marahoué","AF","CI","http://en.wikipedia.org/wiki/Marahoué",
303391,"CI-13",13,"Sud-Comoé","AF","CI","http://en.wikipedia.org/wiki/Sud-Comoé",
303392,"CI-14",14,"Worodouqou","AF","CI","http://en.wikipedia.org/wiki/Worodouqou",
303393,"CI-15",15,"Sud-Bandama","AF","CI","http://en.wikipedia.org/wiki/Sud-Bandama",
303394,"CI-16",16,"Agnéby","AF","CI","http://en.wikipedia.org/wiki/Agnéby","Agnébi"
306391,"CI-17",17,"Bafing","AF","CI","http://en.wikipedia.org/wiki/Bafing",
306390,"CI-18",18,"Fromager","AF","CI","http://en.wikipedia.org/wiki/Fromager",
306389,"CI-19",19,"Moyen-Cavally","AF","CI","http://en.wikipedia.org/wiki/Moyen-Cavally",
303395,"CI-U-A","U-A","(unassigned)","AF","CI",,
303396,"CK-U-A","U-A","(unassigned)","OC","CK",,
303397,"CL-AI","AI","Aysén Region","SA","CL","https://en.wikipedia.org/wiki/Ays%C3%A9n_Region","XI Aysén del General Carlos Ibáñez del Campo Region"
303398,"CL-AN","AN","Antofagasta Region","SA","CL","http://en.wikipedia.org/wiki/Antofagasta_Region",
306387,"CL-AP","AP","Arica and Parinacota Region","SA","CL","http://en.wikipedia.org/wiki/Arica_and_Parinacota_Region",
303399,"CL-AR","AR","Araucanía Region","SA","CL","http://en.wikipedia.org/wiki/Araucanía_Region",
303400,"CL-AT","AT","Atacama Region","SA","CL","http://en.wikipedia.org/wiki/Atacama_Region",
303401,"CL-BI","BI","Bío-Bío Region","SA","CL","http://en.wikipedia.org/wiki/Bío-Bío_Region",
303402,"CL-CO","CO","Coquimbo Region","SA","CL","http://en.wikipedia.org/wiki/Coquimbo_Region",
303403,"CL-LI","LI","O'Higgins Region","SA","CL","http://en.wikipedia.org/wiki/O'Higgins_Region","VI Libertador General Bernardo O'Higgins Region"
303404,"CL-LL","LL","Los Lagos Region","SA","CL","http://en.wikipedia.org/wiki/Los_Lagos_Region",
306388,"CL-LR","LR","Los Ríos Region","SA","CL","http://en.wikipedia.org/wiki/Los_Ríos_Region",
303405,"CL-MA","MA","Magallanes Region","SA","CL","http://en.wikipedia.org/wiki/Magallanes_Region",
303406,"CL-ML","ML","Maule Region","SA","CL","http://en.wikipedia.org/wiki/Maule_Region",
303407,"CL-RM","RM","Santiago Metropolitan Region","SA","CL","http://en.wikipedia.org/wiki/Santiago_Metropolitan_Region",
303408,"CL-TA","TA","Tarapacá Region","SA","CL","http://en.wikipedia.org/wiki/Tarapacá_Region",
303409,"CL-U-A","U-A","(unassigned)","SA","CL",,
303410,"CL-VS","VS","Valparaíso Region","SA","CL","http://en.wikipedia.org/wiki/Valparaíso_Region",
303411,"CM-AD","AD","Adamaoua Region","AF","CM","http://en.wikipedia.org/wiki/Adamawa_Province",
303412,"CM-CE","CE","Centre Region","AF","CM","http://en.wikipedia.org/wiki/Centre_Province",
303413,"CM-EN","EN","Far North Region","AF","CM","http://en.wikipedia.org/wiki/Far_North_Province",
303414,"CM-ES","ES","East Region","AF","CM","http://en.wikipedia.org/wiki/East_Province_%28Cameroon%29",
303415,"CM-LT","LT","Littoral Region","AF","CM","http://en.wikipedia.org/wiki/Littoral_Province_(Cameroon)",
303416,"CM-NO","NO","North Region","AF","CM","http://en.wikipedia.org/wiki/North_Province_%28Cameroon%29",
303417,"CM-NW","NW","North-West Region","AF","CM","http://en.wikipedia.org/wiki/Northwest_Province",
303418,"CM-OU","OU","West Region","AF","CM","http://en.wikipedia.org/wiki/West_Province_%28Cameroon%29",
303419,"CM-SU","SU","South Region","AF","CM","http://en.wikipedia.org/wiki/South_Province_%28Cameroon%29",
303420,"CM-SW","SW","South-West Region","AF","CM","http://en.wikipedia.org/wiki/Southwest_Province",
303421,"CM-U-A","U-A","(unassigned)","AF","CM",,
303422,"CN-11",11,"Beijing Municipality","AS","CN","http://en.wikipedia.org/wiki/Beijing",
303423,"CN-12",12,"Tianjin Municipality","AS","CN","http://en.wikipedia.org/wiki/Tianjin",
303424,"CN-13",13,"Hebei Province","AS","CN","http://en.wikipedia.org/wiki/Hebei",
303425,"CN-14",14,"Shanxi Province","AS","CN","http://en.wikipedia.org/wiki/Shanxi",
303426,"CN-15",15,"Inner Mongolia Autonomous Region","AS","CN","http://en.wikipedia.org/wiki/Inner_Mongolia",
303427,"CN-21",21,"Liaoning Province","AS","CN","http://en.wikipedia.org/wiki/Liaoning",
303428,"CN-22",22,"Jilin Province","AS","CN","http://en.wikipedia.org/wiki/Jilin",
303429,"CN-23",23,"Heilongjiang Province","AS","CN","http://en.wikipedia.org/wiki/Heilongjiang",
303430,"CN-31",31,"Shanghai Municipality","AS","CN","http://en.wikipedia.org/wiki/Shanghai",
303431,"CN-32",32,"Jiangsu Province","AS","CN","http://en.wikipedia.org/wiki/Jiangsu",
303432,"CN-33",33,"Zhejiang Province","AS","CN","http://en.wikipedia.org/wiki/Zhejiang",
303433,"CN-34",34,"Anhui Province","AS","CN","http://en.wikipedia.org/wiki/Anhui",
303434,"CN-35",35,"Fujian Province","AS","CN","http://en.wikipedia.org/wiki/Fujian",
303435,"CN-36",36,"Jiangxi Province","AS","CN","http://en.wikipedia.org/wiki/Jiangxi",
303436,"CN-37",37,"Shandong Province","AS","CN","http://en.wikipedia.org/wiki/Shandong",
303437,"CN-41",41,"Henan Province","AS","CN","http://en.wikipedia.org/wiki/Henan",
303438,"CN-42",42,"Hubei Province","AS","CN","http://en.wikipedia.org/wiki/Hubei",
303439,"CN-43",43,"Hunan Province","AS","CN","http://en.wikipedia.org/wiki/Hunan",
303440,"CN-44",44,"Guangdong Province","AS","CN","http://en.wikipedia.org/wiki/Guangdong","Canton Province, Kwangtung Province"
303441,"CN-45",45,"Guangxi Autonomous Region","AS","CN","http://en.wikipedia.org/wiki/Guangxi",
303442,"CN-46",46,"Hainan Province","AS","CN","http://en.wikipedia.org/wiki/Hainan",
303443,"CN-50",50,"Chongqing Municipality","AS","CN","http://en.wikipedia.org/wiki/Chongqing",
303444,"CN-51",51,"Sichuan Province","AS","CN","http://en.wikipedia.org/wiki/Sichuan",
303445,"CN-52",52,"Guizhou Province","AS","CN","http://en.wikipedia.org/wiki/Guizhou",
303446,"CN-53",53,"Yunnan Province","AS","CN","http://en.wikipedia.org/wiki/Yunnan",
303447,"CN-54",54,"Tibet Autonomous Region","AS","CN","http://en.wikipedia.org/wiki/Tibet","Xizang"
303448,"CN-61",61,"Shaanxi Province","AS","CN","http://en.wikipedia.org/wiki/Shaanxi",
303449,"CN-62",62,"Gansu Province","AS","CN","http://en.wikipedia.org/wiki/Gansu",
303450,"CN-63",63,"Qinghai Province","AS","CN","http://en.wikipedia.org/wiki/Qinghai",
303451,"CN-64",64,"Ningxia Autonomous Region","AS","CN","http://en.wikipedia.org/wiki/Ningxia",
303452,"CN-65",65,"Xinjiang Autonomous Region","AS","CN","http://en.wikipedia.org/wiki/Xinjiang",
303453,"CN-71",71,"Taiwan (disputed)","AS","CN","http://en.wikipedia.org/wiki/Taiwan",
303454,"CN-91",91,"Hong Kong Special Administrative Region","AS","CN","http://en.wikipedia.org/wiki/Hong_Kong",
303455,"CN-92",92,"Macau Special Administrative Region","AS","CN","http://en.wikipedia.org/wiki/Macau",
303456,"CN-U-A","U-A","(unassigned)","AS","CN",,
303457,"CO-AMA","AMA","Amazonas Department","SA","CO","http://en.wikipedia.org/wiki/Amazonas_Department",
303458,"CO-ANT","ANT","Antioquía Department","SA","CO","http://en.wikipedia.org/wiki/Antioquía_Department",
303459,"CO-ARA","ARA","Arauca Department","SA","CO","http://en.wikipedia.org/wiki/Arauca_Department",
303460,"CO-ATL","ATL","Atlántico Department","SA","CO","http://en.wikipedia.org/wiki/Atlántico_Department",
303461,"CO-BOL","BOL","Bolívar Department","SA","CO","http://en.wikipedia.org/wiki/Bolívar_Department",
303462,"CO-BOY","BOY","Boyacá Department","SA","CO","http://en.wikipedia.org/wiki/Boyacá_Department",
303463,"CO-CAL","CAL","Caldas Department","SA","CO","http://en.wikipedia.org/wiki/Caldas_Department",
303464,"CO-CAQ","CAQ","Caquetá Department","SA","CO","http://en.wikipedia.org/wiki/Caquetá_Department",
303465,"CO-CAS","CAS","Casanare Department","SA","CO","http://en.wikipedia.org/wiki/Casanare_Department",
303466,"CO-CAU","CAU","Cauca Department","SA","CO","http://en.wikipedia.org/wiki/Cauca_Department",
303467,"CO-CES","CES","César Department","SA","CO","http://en.wikipedia.org/wiki/César_Department",
303468,"CO-CHO","CHO","Chocó Department","SA","CO","http://en.wikipedia.org/wiki/Chocó_Department",
303469,"CO-COR","COR","Córdoba Department","SA","CO","http://en.wikipedia.org/wiki/Córdoba_Department",
303470,"CO-CUN","CUN","Cundinamarca Department","SA","CO","http://en.wikipedia.org/wiki/Cundinamarca_Department",
303471,"CO-DC","DC","Distrito Capital de Bogotá Department","SA","CO","http://en.wikipedia.org/wiki/Distrito_Capital_de_Bogotá_Department",
303472,"CO-GUA","GUA","Guainía Department","SA","CO","http://en.wikipedia.org/wiki/Guainía_Department",
303473,"CO-GUV","GUV","Guaviare Department","SA","CO","http://en.wikipedia.org/wiki/Guaviare_Department",
303474,"CO-HUI","HUI","Huila Department","SA","CO","http://en.wikipedia.org/wiki/Huila_Department",
303475,"CO-LAG","LAG","La Guajira Department","SA","CO","http://en.wikipedia.org/wiki/La_Guajira_Department",
303476,"CO-MAG","MAG","Magdalena Department","SA","CO","http://en.wikipedia.org/wiki/Magdalena_Department",
303477,"CO-MET","MET","Meta Department","SA","CO","http://en.wikipedia.org/wiki/Meta_Department",
303478,"CO-NAR","NAR","Nariño Department","SA","CO","http://en.wikipedia.org/wiki/Nariño_Department",
303479,"CO-NSA","NSA","Norte de Santander Department","SA","CO","http://en.wikipedia.org/wiki/Norte_de_Santander_Department",
303480,"CO-PUT","PUT","Putumayo Department","SA","CO","http://en.wikipedia.org/wiki/Putumayo_Department",
303481,"CO-QUI","QUI","Quindio Department","SA","CO","http://en.wikipedia.org/wiki/Quindio_Department",
303482,"CO-RIS","RIS","Risaralda Department","SA","CO","http://en.wikipedia.org/wiki/Risaralda_Department",
303483,"CO-SAN","SAN","Santander Department","SA","CO","http://en.wikipedia.org/wiki/Santander_Department",
303484,"CO-SAP","SAP","San Andrés, Providencia y Santa Catalina Department","SA","CO","http://en.wikipedia.org/wiki/San_Andrés,_Providencia_y_Santa_Catalina_Department",
303485,"CO-SUC","SUC","Sucre Department","SA","CO","http://en.wikipedia.org/wiki/Sucre_Department",
303486,"CO-TOL","TOL","Tolima Department","SA","CO","http://en.wikipedia.org/wiki/Tolima_Department",
303487,"CO-U-A","U-A","(unassigned)","SA","CO",,
303488,"CO-VAC","VAC","Valle del Cauca Department","SA","CO","http://en.wikipedia.org/wiki/Valle_del_Cauca_Department",
303489,"CO-VAU","VAU","Vaupés Department","SA","CO","http://en.wikipedia.org/wiki/Vaupés_Department",
303490,"CO-VID","VID","Vichada Department","SA","CO","http://en.wikipedia.org/wiki/Vichada_Department",
303491,"CR-A","A","Alajuela","NA","CR","http://en.wikipedia.org/wiki/Alajuela",
303492,"CR-C","C","Cartago","NA","CR","http://en.wikipedia.org/wiki/Cartago",
303493,"CR-G","G","Guanacaste","NA","CR","http://en.wikipedia.org/wiki/Guanacaste",
303494,"CR-H","H","Heredia","NA","CR","http://en.wikipedia.org/wiki/Heredia",
303495,"CR-L","L","Limon","NA","CR","http://en.wikipedia.org/wiki/Limon",
303496,"CR-P","P","Puntarenas","NA","CR","http://en.wikipedia.org/wiki/Puntarenas",
303497,"CR-SJ","SJ","San Jose","NA","CR","http://en.wikipedia.org/wiki/San_Jose",
303498,"CR-U-A","U-A","(unassigned)","NA","CR",,
303499,"CU-01",01,"Pinar del Río","NA","CU","http://en.wikipedia.org/wiki/Pinar_del_Río",
303500,"CU-02",02,"La Habana","NA","CU","http://en.wikipedia.org/wiki/La_Habana",
303501,"CU-03",03,"Ciudad de la Habana","NA","CU","http://en.wikipedia.org/wiki/Ciudad_de_la_Habana",
303502,"CU-04",04,"Matanzas","NA","CU","http://en.wikipedia.org/wiki/Matanzas",
303503,"CU-05",05,"Villa Clara","NA","CU","http://en.wikipedia.org/wiki/Villa_Clara",
303504,"CU-06",06,"Cienfuegos","NA","CU","http://en.wikipedia.org/wiki/Cienfuegos",
303505,"CU-07",07,"Sancti Spíritus","NA","CU","http://en.wikipedia.org/wiki/Sancti_Spíritus",
303506,"CU-08",08,"Ciego de Ávila","NA","CU","http://en.wikipedia.org/wiki/Ciego_de_Ávila",
303507,"CU-09",09,"Camagüey","NA","CU","http://en.wikipedia.org/wiki/Camagüey",
303508,"CU-10",10,"Las Tunas","NA","CU","http://en.wikipedia.org/wiki/Las_Tunas",
303509,"CU-11",11,"Holguín","NA","CU","http://en.wikipedia.org/wiki/Holguín",
303510,"CU-12",12,"Granma","NA","CU","http://en.wikipedia.org/wiki/Granma",
303511,"CU-13",13,"Santiago de Cuba","NA","CU","http://en.wikipedia.org/wiki/Santiago_de_Cuba",
303512,"CU-14",14,"Guantánamo","NA","CU","http://en.wikipedia.org/wiki/Guantánamo",
303513,"CU-99",99,"Isla de la Juventud","NA","CU","http://en.wikipedia.org/wiki/Isla_de_la_Juventud",
303514,"CU-CA","CA","Ciego de Avila","NA","CU","http://en.wikipedia.org/wiki/Ciego_de_Avila",
303515,"CU-CG","CG","Camagoey","NA","CU","http://en.wikipedia.org/wiki/Camagoey",
303516,"CU-HO","HO","Holgun","NA","CU","http://en.wikipedia.org/wiki/Holgun",
303517,"CU-IJ","IJ","Municipio Especial Isla de la Juventud","NA","CU","http://en.wikipedia.org/wiki/Municipio_Especial_Isla_de_la_Juventud",
303518,"CU-PR","PR","Pinar del Roo","NA","CU","http://en.wikipedia.org/wiki/Pinar_del_Roo",
303519,"CU-SS","SS","Sancti Spritus","NA","CU","http://en.wikipedia.org/wiki/Sancti_Spritus",
303520,"CU-U-A","U-A","(unassigned)","NA","CU",,
303522,"CV-B","B","Barlavento Islands","AF","CV","http://en.wikipedia.org/wiki/Barlavento_Islands","Ilhas de Barlavento"
303521,"CV-S","S","Sotavento Islands","AF","CV","http://en.wikipedia.org/wiki/Sotavento_Islands","Ilhas de Sotavento"
303523,"CV-U-A","U-A","(unassigned)","AF","CV",,
306901,"CW-U-A","U-A","(unassigned)","NA","CW",,
303524,"CX-U-A","U-A","(unassigned)","AS","CX",,
303525,"CY-01",01,"Kyrenia District","AS","CY","http://en.wikipedia.org/wiki/Kyrenia_District",
303526,"CY-02",02,"Nicosia District","AS","CY","http://en.wikipedia.org/wiki/Nicosia_District",
303527,"CY-03",03,"Famagusta District","AS","CY","http://en.wikipedia.org/wiki/Famagusta_District",
303528,"CY-04",04,"Larnarca District","AS","CY","http://en.wikipedia.org/wiki/Larnarca_District",
303529,"CY-05",05,"Limassol District","AS","CY","http://en.wikipedia.org/wiki/Limassol_District","Lemesos"
303530,"CY-06",06,"Paphos District","AS","CY","http://en.wikipedia.org/wiki/Paphos_District",
303531,"CY-U-A","U-A","(unassigned)","AS","CY",,
303532,"CZ-JC","JC","South Bohemian Region","EU","CZ","http://en.wikipedia.org/wiki/South_Bohemian_Region","Jihočeský kraj, South Bohemia"
303533,"CZ-JM","JM","South Moravian Region","EU","CZ","http://en.wikipedia.org/wiki/South_Moravian_Region","Jihomoravský kraj"
303534,"CZ-KA","KA","Carlsbad Region","EU","CZ","http://en.wikipedia.org/wiki/Karlovy_Vary_Region","Karlovarský kraj, Karlovy Vary"
303535,"CZ-KR","KR","Hradec Králové Region","EU","CZ","http://en.wikipedia.org/wiki/Hradec_Králové_Region","Královéhradecký kraj"
303536,"CZ-LI","LI","Liberec Region","EU","CZ","http://en.wikipedia.org/wiki/Liberec_Region","Liberecký kraj"
303537,"CZ-MO","MO","Moravian-Silesian Region","EU","CZ","http://en.wikipedia.org/wiki/Moravian-Silesian_Region","Moravskoslezský kraj"
303538,"CZ-OL","OL","Olomouc Region","EU","CZ","http://en.wikipedia.org/wiki/Olomouc_Region","Olomoucký kraj, Moravia"
303539,"CZ-PA","PA","Pardubice Region","EU","CZ","http://en.wikipedia.org/wiki/Pardubice_Region","Pardubický kraj"
303540,"CZ-PL","PL","Plzeň Region","EU","CZ","http://en.wikipedia.org/wiki/Plzeň_Region","Plzeňský kraj"
303541,"CZ-PR","PR","Prague (capital city)","EU","CZ","http://en.wikipedia.org/wiki/Prague","Praha, hlavní město"
303542,"CZ-ST","ST","Central Bohemian Region","EU","CZ","http://en.wikipedia.org/wiki/Central_Bohemian_Region","Středočeský kraj"
303543,"CZ-U-A","U-A","(unassigned)","EU","CZ",,